date,reading_in,source
2026-09-02,0.405,project rain gauge at the boathouse
2026-09-03,0.235,project rain gauge at the boathouse
2026-09-04,0.065,project rain gauge at the boathouse
2026-09-05,0.000,project rain gauge at the boathouse
2026-09-06,0.000,project rain gauge at the boathouse
2026-09-07,0.000,project rain gauge at the boathouse
2026-09-08,0.000,project rain gauge at the boathouse
2026-09-09,0.000,project rain gauge at the boathouse
2026-09-10,0.100,project rain gauge at the boathouse
2026-09-11,0.000,project rain gauge at the boathouse
2026-09-12,0.000,project rain gauge at the boathouse
2026-09-13,1.200,project rain gauge at the boathouse
2026-09-14,0.540,project rain gauge at the boathouse
2026-09-15,0.000,project rain gauge at the boathouse
2026-09-16,0.000,project rain gauge at the boathouse
2026-09-17,0.000,project rain gauge at the boathouse
2026-09-18,0.000,project rain gauge at the boathouse
2026-09-19,0.000,project rain gauge at the boathouse
2026-09-20,0.100,project rain gauge at the boathouse
2026-09-21,0.180,project rain gauge at the boathouse
2026-09-22,0.000,project rain gauge at the boathouse
2026-09-23,0.000,project rain gauge at the boathouse
2026-09-24,0.000,project rain gauge at the boathouse
2026-09-25,0.000,project rain gauge at the boathouse
2026-09-26,0.000,project rain gauge at the boathouse
2026-09-27,1.250,project rain gauge at the boathouse
2026-09-28,1.110,project rain gauge at the boathouse
2026-09-29,0.150,project rain gauge at the boathouse
2026-09-30,0.000,project rain gauge at the boathouse
2026-10-01,0.000,project rain gauge at the boathouse
2026-10-02,0.000,project rain gauge at the boathouse
